title,url,address,city,location/lat,location/lng,neighborhood,phone,street,state,website,price,label,description (optional),imageUrl
Griya Kost Ummi Sri,https://www.google.com/maps/search/?api=1&query=Griya%20Kost%20Ummi%20Sri&query_place_id=ChIJ22l3eUL51y0R9zmoKUQ3lZM,"Jl. Plampitan XII No.21, Peneleh, Kec. Genteng, Surabaya, Jawa Timur 60274, Indonesia",Surabaya,-72.540.914,1.127.387.528,"Peneleh, Kecamatan Genteng",+62 878-4673-9029,Jl. Plampitan XII No.21,Jawa Timur,https://mamikos.com/room/kost-surabaya-kost-campur-eksklusif-kost-griya-ummi-sri-genteng-surabaya-2,1.200.000,C,"AC
Kasur
Meja
Lemari / Storage
Ventilasi
Jendela
Cermin
Bantal
Kursi
K. Mandi Dalam
Kloset Jongkok
Ember mandi
Shower",https://lh3.googleusercontent.com/gps-cs-s/APNQkAEmEEvvjwz7owJe6XgxjzXYFx0tKwSLEY0Sy7pLi02kbkDFvc6sMT_n_PSXLxYI4jzvXmfgJz57NVyLQ2HaA-8L7bdQ81jK5evNiSaFugopy8myQrjbM-K0QABBGlDYtEbwrCVu5A=w426-h240-k-no
KOST PUTRI - Haven For Her,https://www.google.com/maps/search/?api=1&query=KOST%20PUTRI%20-%20Haven%20For%20Her&query_place_id=ChIJjSJteWf51y0Rld8mgU-cmFw,"Jl. Peneleh Gg. III No.45, Peneleh, Kec. Genteng, Surabaya, Jawa Timur 60274, Indonesia",Surabaya,-72.535.202,1.127.385.687,"Peneleh, Kecamatan Genteng",+62 878-8575-1943,Jl. Peneleh Gg. III No.45,Jawa Timur,https://wa.me/p/8341450482584664/6287885751943,600.000,P,"Kasur
Lemari / Storage
Jendela
Bantal
Kipas Angin
Kloset Duduk
K. Mandi Luar
Bak mandi",https://lh3.googleusercontent.com/gps-cs-s/APNQkAHkkxS8vjiEgIttgmWT1SFl-nnCyNmQ0vqDv8H2B-n3HUOYqkJyapgyk4LHjOr_M7KQNFuxAfbXtIo82v5P2J_Sd8OSvqg3ffkZtSBj-GLImKaFI3cS63XsA0FpJ4XBFLVXoIyq8A=w408-h338-k-no
El Living Executive Kost | Kost Eksekutif Pusat Kota Surabaya,https://www.google.com/maps/search/?api=1&query=El%20Living%20Executive%20Kost%20%7C%20Kost%20Eksekutif%20Pusat%20Kota%20Surabaya&query_place_id=ChIJywu5Ehv51y0RJRWM__K0ouw,"Samping Kantor LG, Jl. Kalianyar, Kapasari, Kec. Genteng, Surabaya, Jawa Timur 60273, Indonesia",Surabaya,-7.248.504,1.127.487.642,"Kapasari, Kecamatan Genteng",+62 878-5316-0177,"Samping Kantor LG, Jl. Kalianyar",Jawa Timur,,2.000.000,C,"AC
Kasur
Meja
Meja Rias
Lemari / Storage
Ventilasi
Jendela
Cermin
Bantal
Wastafel
Kamar Mandi Dalam
Kloset Duduk
Shower
Air Panas",https://lh3.googleusercontent.com/gps-cs-s/APNQkAG-b-NZSZVa1QddmB2KJy2wnr8mu0111lKMKiBPFhj5Orp2AeQNuWrnm-MilMC908CMgSgK5WkvvPXQSNExPwtLdis4euYLEQfNFmFeOWRRwS8tx8Rn4m6MiU_ns1ulAhWo22h2TkhQIskG=w408-h543-k-no
FAZIRAA kost ( kost putri muslim ),https://www.google.com/maps/search/?api=1&query=FAZIRAA%20kost%20(%20kost%20putri%20muslim%20)&query_place_id=ChIJ_xy64G351y0RwDdyprJ0TlU,"Jl. Kusuma Bangsa No.55, Kapasari, Kec. Genteng, Surabaya, Jawa Timur 60273, Indonesia",Surabaya,-72.513.388,1.127.495.675,"Kapasari, Kecamatan Genteng",+62 831-5552-3459,Jl. Kusuma Bangsa No.55,Jawa Timur,,650.000,P,"Kasur
Lemari / Storage
Ventilasi
Jendela
Guling
Bantal
Kipas Angin
Kloset Jongkok
Kamar Mandi Luar",https://lh3.googleusercontent.com/gps-cs-s/APNQkAEE80fEepvxaamOv6iNHM8IkKh_raAinZ6T-mBSerlTzx6AtivvWHIV9s7W2yxCVaFr1a5h1YF2rq_i_d6aRsz8DC8d4h_qmES7uo2cF0i_u5T6E6pCzVstcRUe5PyVq2Jnu0xecg=w408-h408-k-no
Kost Putra Ivandio,https://www.google.com/maps/search/?api=1&query=Kost%20Putra%20Ivandio&query_place_id=ChIJzd6kaAD71y0RGnee2TtV4oY,"Gg. ABM Jl. Karang Menur Timur No.7, Airlangga, Kec. Gubeng, Surabaya, Jawa Timur 60286, Indonesia",Surabaya,-72.747.685,1.127.613.843,"Airlangga, Kecamatan Gubeng",+62 812-9601-2520,Gg. ABM Jl. Karang Menur Timur No.7,Jawa Timur,,850.000,L ,"Kasur
Meja
Meja Rias
Lemari / Storage
Ventilasi
Meja Makan
Jendela
Guling
Dapur Pribadi
Bantal
Kloset Duduk
Kamar Mandi Luar
Ember Mandi
Shower
Bak Mandi",https://lh3.googleusercontent.com/gps-cs-s/APNQkAFUolBYQRLcYbk4_V0V3qJcQmZFSoKazCKo_Y6vsc9pFRD0SlQx-RTpBxc0X1unWm5sZcB4kPvXXKThIsDK-2FdVTJJ8jeazE4E_g2BYP8guh3AmbJ_vlfNTfvqwcopxVCc-jFHn6NVFNY2=w408-h544-k-no
Kost Celestia,https://www.google.com/maps/search/?api=1&query=Kost%20Celestia&query_place_id=ChIJu4eNwhv71y0RmW_D0xHFjRA,"Jl. Gubeng Kertajaya XIII No.10, Airlangga, Kec. Gubeng, Surabaya, Jawa Timur 60286, Indonesia",Surabaya,-72.782.703,1.127.603.098,"Airlangga, Kecamatan Gubeng",+62 858-1609-4744,Jl. Gubeng Kertajaya XIII No.10,Jawa Timur,,1.300.000,P,"AC
Kasur
Lemari / Storage
Ventilasi
Guling
Bantal
Wastafel
Kamar Mandi Dalam
Kloset Duduk
Kamar Mandi Luar",https://streetviewpixels-pa.googleapis.com/v1/thumbnail?panoid=Mc0CD39esaMJOPL6O0wL_A&cb_client=search.gws-prod.gps&w=408&h=240&yaw=70.36858&pitch=0&thumbfov=100
Griya HNN | Kost Putri | kost surabaya,https://www.google.com/maps/search/?api=1&query=Griya%20HNN%20%7C%20Kost%20Putri%20%7C%20kost%20surabaya&query_place_id=ChIJhXukpBn71y0Rff7fEDZNekM,"Jl. Gubeng Kertajaya IX Raya No.14, Airlangga, Kec. Gubeng, Surabaya, Jawa Timur 60286, Indonesia",Surabaya,-727.759,112.757.226,"Airlangga, Kecamatan Gubeng",+62 813-3102-6398,Jl. Gubeng Kertajaya IX Raya No.14,Jawa Timur,,1.800.000,P,"AC
Kasur
Meja
Meja Rias
Lemari / Storage
Ventilasi
Jendela
Cermin
Bantal
Kursi
Kamar Mandi Dalam
Kloset Duduk
Shower",https://lh3.googleusercontent.com/gps-cs-s/APNQkAHxMazKrrEnh7DBJxTz_zxRkZkQ6p6_AK96Mty5ZM4DxulDEkzGpf6qhNumWPqO5UahY32-i3CLddYPRdQk1I6zlM7XrSbBs54SIfDnoofFYFxVD1ESDLZ39UgfSGcVtKROLo6h=w408-h706-k-no
Kosayu Residence Ubaya,https://www.google.com/maps/search/?api=1&query=Kosayu%20Residence%20Ubaya&query_place_id=ChIJYae1DUH71y0RkDzXk2TQNvs,"Jl. Rungkut Mejoyo Utara IV No.12 (AG-6, Kali Rungkut, Kec. Rungkut, Surabaya, Jawa Timur 60293, Indonesia",Surabaya,-73.189.548,1.127.645.742,"Kali Rungkut, Kecamatan Rungkut",+62 852-8300-7600,Jl. Rungkut Mejoyo Utara IV No.12 (AG-6,Jawa Timur,,2.500.000,C,"AC
Kasur
Meja
Lemari / Storage
Jendela
Bantal
Kursi
Kamar Mandi Dalam
Kloset Duduk
Wastafel
Shower
Air Panas",https://lh3.googleusercontent.com/gps-cs-s/APNQkAF_PUcXuCZld8TYYdAiLjyh3r7hmtAK0Xv3QVFujurFS3yGcHSLZMqQF6v95PbSZDI6wnh4H2kYDwsIiFRrdCyS9LhMKhKQ1YAWgpLMGXWQZFyk3O730MzYBlJr1bs43MsvJ2ELyT1M6qIj=w408-h510-k-no
Kost Bu Eti - Campur dan Pasutri Gayungan,https://www.google.com/maps/search/?api=1&query=Kost%20Bu%20Eti%20-%20Campur%20dan%20Pasutri%20Gayungan&query_place_id=ChIJl1y2n1771y0Rw11xPFe1jNE,"Jl. Gayungan 8 No.1A, Gayungan, Kec. Gayungan, Surabaya, Jawa Timur 60235, Indonesia",Surabaya,-73.350.359,112.726.197,"Gayungan, Kecamatan Gayungan",,Jl. Gayungan 8 No.1A,Jawa Timur,,1.750.000,C,"AC
Kasur
Meja
Lemari / Storage
Jendela
Guling
Dapur Pribadi
Cermin
Bantal
Wastafel
Kamar Mandi Dalam
Kloset Duduk
Shower",https://lh3.googleusercontent.com/gps-cs-s/APNQkAEugnLzgmXY21A5WE91l48_w5Z9UqFVPJVFUMghCexdR2HOvDVMRJ66rL4k06-6yXCpAVdugja-fflYUno9tcpJphB_HINTUtGpryMgzZnqMQ8go5NTZGKfWPAItAn5KDzcV8vH=w408-h408-k-no
Kost Putri Karang Wismo,https://www.google.com/maps/search/?api=1&query=Kost%20Putri%20Karang%20Wismo&query_place_id=ChIJ67DX7rP71y0RnRQRNqRsiGc,"Jl. Karang Wismo I No.6, RT.002/RW.07, Airlangga, Kec. Gubeng, Surabaya, Jawa Timur 60286, Indonesia",Surabaya,-7.274.657,1.127.594.249,"Airlangga, Kecamatan Gubeng",+62 812-3162-275,"Jl. Karang Wismo I No.6, RT.002/RW.07",Jawa Timur,,850.000,P,"WiFi
Kulkas
Ruang Jemur
Ruang Makan
Dapur
Jemuran
Kamar Mandi Luar",https://lh3.googleusercontent.com/gps-cs-s/APNQkAHO3X3DxtX9jHwUpa_V_S7ODezCS3IDozCH-0BSDB8otXIZ-ljbGwKqJIs_dy2An_FYiS9yfC2pJnaOi9tLUJb4HPdkRcLYxFNA7GDAEGnNLhBFvy8swND33ExKUn2du5Q8OdmOXQ=w408-h544-k-no
Kos Putri ELQIZA,https://www.google.com/maps/search/?api=1&query=Kos%20Putri%20ELQIZA&query_place_id=ChIJ-c0gei771y0RgrDMZ5qi_tc,"Jl. Jojoran III No.106, Mojo, Kec. Gubeng, Surabaya, Jawa Timur 60285, Indonesia",Surabaya,-7.274.912,1.127.669.386,"Mojo, Kecamatan Gubeng",,Jl. Jojoran III No.106,Jawa Timur,,1.750.000,P,"AC
Kasur
Meja
Lemari / Storage
Ventilasi
Jendela
Cermin
Bantal
Kursi
Kamar Mandi Dalam
Kloset Duduk
Shower",https://streetviewpixels-pa.googleapis.com/v1/thumbnail?panoid=OMsSBF-sVSIyIVArEWRa3g&cb_client=search.gws-prod.gps&w=408&h=240&yaw=213.77718&pitch=0&thumbfov=100
kos putri UWM,https://www.google.com/maps/search/?api=1&query=kos%20putri%20UWM&query_place_id=ChIJn-_ET8H71y0RNs8um5w54u8,"Jl. Dinoyo Lor III No.30, Keputran, Kec. Tegalsari, Surabaya, Jawa Timur 60265, Indonesia",Surabaya,-72.826.665,1.127.444.029,"Keputran, Kecamatan Tegalsari",+62 856-4864-9517,Jl. Dinoyo Lor III No.30,Jawa Timur,,1.300.000,P,"AC
Kasur
Meja
Lemari / Storage
Bantal
Wastafel
Kursi
Kamar Mandi Dalam
Kloset Duduk
Shower",https://lh3.googleusercontent.com/gps-cs-s/APNQkAFyqQdaXxzwzqfhnffjSJpxh06iGg8KzMJ2ow2giDyxMoaUdUM5fHYFjTj4X7vqKgKfSvJq2dPtuxAsOozRnD0movtDPaFxh4ZJx556An6xyWtgt9GnKHGp6KAbabyW6Jz2twgr=w408-h544-k-no
Kos Putri Annur,https://www.google.com/maps/search/?api=1&query=Kos%20Putri%20Annur&query_place_id=ChIJa0UzVOz71y0RLD1MwWhQlW0,"Jl. Karang Wismo No.18, Airlangga, Kec. Gubeng, Surabaya, Jawa Timur 60286, Indonesia",Surabaya,-72.751.482,1.127.590.308,"Airlangga, Kecamatan Gubeng",+62 812-3297-760,Jl. Karang Wismo No.18,Jawa Timur,,800.000,P,"Kasur
Meja
Meja Rias
Lemari / Storage
Ventilasi
Kursi
Kloset Jongkok
Kamar Mandi Luar
Bak Mandi",https://lh3.googleusercontent.com/gps-cs-s/APNQkAGQfYgfuyC0cNicb862TQChqzuRXZrLrpq6hAz_4k1o6nPAxoxPzCv3coiQreABmlxT74WG8sRifpjA3z5PC5eyHmcFjo8oI2E0Hq9Ll7l9XCvQjkctdqa4lfPt76dguG5TqdU=w408-h272-k-no
KOST PUTRI MODES IN,https://www.google.com/maps/search/?api=1&query=KOST%20PUTRI%20MODES%20IN&query_place_id=ChIJy3kzp_f71y0RLK91bcLlYXA,"Jl. Kertajaya IV C Tengah No.8, Kertajaya, Kec. Gubeng, Surabaya, Jawa Timur 60282, Indonesia",Surabaya,-7.279.691,11.275.317,"Kertajaya, Kecamatan Gubeng",+62 857-4978-1509,Jl. Kertajaya IV C Tengah No.8,Jawa Timur,,600.000,P,"Kasur
Meja
Lemari / Storage
Ventilasi
Jendela
Bantal
Kloset Jongkok
Kamar Mandi Luar
Ember Mandi
Bak Mandi",https://lh3.googleusercontent.com/gps-cs-s/APNQkAFM28T03yiQsy-dDUqjHpjVXZqj9-zAQA62EDfsMVtb2ThlVq2kqf3E8vKBFmdNRfDLcyCY-_yuVNIEj7PcUdlg1Y0Maau3KHMQPrpMrsI_VLs3DuG6ZflUTcqxXwnPw-ViKqro=w408-h725-k-no
Kost Putri Bu Yus Gubeng Kertajaya,https://www.google.com/maps/search/?api=1&query=Kost%20Putri%20Bu%20Yus%20Gubeng%20Kertajaya&query_place_id=ChIJy5YfReX71y0RC1AIR4kWd5U,"Jl. Gubeng Kertajaya IX A Dalam No.25, Airlangga, Kec. Gubeng, Surabaya, Jawa Timur 60286, Indonesia",Surabaya,-72.778.072,1.127.580.741,"Airlangga, Kecamatan Gubeng",+62 812-1828-6228,Jl. Gubeng Kertajaya IX A Dalam No.25,Jawa Timur,,750.000,P,"Kasur
Meja
Lemari / Storage
Jendela
Guling
Bantal
Kloset Duduk
Kamar Mandi Luar
Ember Mandi
Bak Mandi",https://lh3.googleusercontent.com/gps-cs-s/APNQkAFR4slVVd14FkrJNs0te0rP99_5mNy4hWkB2E0a8Jnh1Byf1hwkPYWW5RcwP1ltAm8JbXKCPQVJAWvPRcpl_yxiiiE0WZUh_4jMQ5ASXKyNcO9P7yPwxigER4-cD2etkq5oEb3bepb-6Yh8=w408-h544-k-no
KOS PUTRI NAFISA-2,https://www.google.com/maps/search/?api=1&query=KOS%20PUTRI%20NAFISA-2&query_place_id=ChIJqQe8SgD71y0RVPq1eSBQ5zg,"Jl. Gubeng Kertajaya VII B No.42, Airlangga, Kec. Gubeng, Surabaya, Jawa Timur 60286, Indonesia",Surabaya,-72.771.125,1.127.566.086,"Airlangga, Kecamatan Gubeng",,Jl. Gubeng Kertajaya VII B No.42,Jawa Timur,,825.000,P,"Kasur
Meja
Lemari / Storage
Ventilasi
Jendela
Cermin
Bantal
Kipas Angin
Kloset Duduk
Kamar Mandi Luar
Ember Mandi
Shower",https://streetviewpixels-pa.googleapis.com/v1/thumbnail?panoid=pFbnBVCcz3PDPukXs9hJbg&cb_client=search.gws-prod.gps&w=408&h=240&yaw=173.04454&pitch=0&thumbfov=100
Griya Ayu Kos Putri,https://www.google.com/maps/search/?api=1&query=Griya%20Ayu%20Kos%20Putri&query_place_id=ChIJZWAcbgD71y0RXLtNq9sw93I,"Jl. Barata Jaya IV No.70B, Baratajaya, Kec. Gubeng, Surabaya, Jawa Timur 60284, Indonesia",Surabaya,-7.302.142,112.756.685,"Baratajaya, Kecamatan Gubeng",,Jl. Barata Jaya IV No.70B,Jawa Timur,,1.300.000,P,"AC
Kasur
Meja
Lemari / Storage
Jendela
Cermin
Bantal
Kursi
Kloset Duduk
Kamar Mandi Luar
Shower",https://streetviewpixels-pa.googleapis.com/v1/thumbnail?panoid=wraL8kR9LOqX6-Ilk9wffw&cb_client=search.gws-prod.gps&w=408&h=240&yaw=273.17502&pitch=0&thumbfov=100
Kos RK gubeng,https://www.google.com/maps/search/?api=1&query=Kos%20RK%20gubeng&query_place_id=ChIJ71E1VkX51y0RZWy_AzfJ5ss,"Karang Gayam Wetan Gg. I No.12, RW.02, Mojo, Kec. Gubeng, Surabaya, Jawa Timur 60285, Indonesia",Surabaya,-72.639.503,1.127.672.657,"Mojo, Kecamatan Gubeng",+62 895-0113-6500,"Karang Gayam Wetan Gg. I No.12, RW.02",Jawa Timur,,1.100.000,C,"Kasur
Lemari / Storage
Jendela
Dapur Pribadi
Kamar Mandi Dalam
Kloset Duduk
Ember Mandi
Shower
Bak Mandi",
"Kos Putri SEKAR ARUM 1, dekat Unair",https://www.google.com/maps/search/?api=1&query=Kos%20Putri%20SEKAR%20ARUM%201%2C%20dekat%20Unair&query_place_id=ChIJcdSRjqH51y0RVBZtBdSZklE,"jl. Kedung Pengkol wetan Kel No.3, Mojo, Gubeng, Surabaya, East Java 60285, Indonesia",Surabaya,-72.640.902,1.127.648.761,"Mojo, Kecamatan Gubeng",+62 878-4616-9305,jl. Kedung Pengkol wetan Kel No.3,Jawa Timur,,1.100.000,P,"AC
Kasur
Kamar Mandi Dalam
Kloset Duduk
Shower",https://streetviewpixels-pa.googleapis.com/v1/thumbnail?panoid=lG6_THSp0GBmjzkozjr0zw&cb_client=search.gws-prod.gps&w=408&h=240&yaw=29.24388&pitch=0&thumbfov=100
Kost Nano modern dan strategis,https://www.google.com/maps/search/?api=1&query=Kost%20Nano%20modern%20dan%20strategis&query_place_id=ChIJ1f5nDwD51y0Rks_ymAAQIu0,"Jl. Pacar Kembang No.37, Pacar Kembang, Kec. Tambaksari, Surabaya, Jawa Timur 60132, Indonesia",Surabaya,-72.607.675,1.127.601.471,"Pacar Kembang, Kecamatan Tambaksari",,Jl. Pacar Kembang No.37,Jawa Timur,https://mamikos.com/room/kost-surabaya-kost-putri-eksklusif-kost-nano-tambaksari-surabaya,1.500.000,P,"AC
Kasur
Meja
Lemari / Storage
Kursi
KM Dalam",https://lh3.googleusercontent.com/gps-cs-s/APNQkAF6HNe1AEp8_j_C3mBVCBi9oHLkrynI9Ftx9ye-xOlzWWU4k94Q2p_qD90Q4nHqPHSAzdrvac5ed5_df9z3A1EWc7NtSkCQx9JZDwSzCypNsa0mNDf4KBIr5BHxsE9Ej1U6Jbs-OsrOiLw=w408-h544-k-no
Nisah's Home,https://www.google.com/maps/search/?api=1&query=Nisah's%20Home&query_place_id=ChIJq3pa-s771y0RINGmu2zKte8,"Jl. Gubeng Kertajaya VI B No.3, Kertajaya, Kec. Gubeng, Surabaya, Jawa Timur 60282, Indonesia",Surabaya,-72.793.097,1.127.546.655,"Kertajaya, Kecamatan Gubeng",+62 822-4388-6433,Jl. Gubeng Kertajaya VI B No.3,Jawa Timur,http://nisahome.com/,1.550.000,P,"- AC
- KM dalam
- Wifi",https://lh3.googleusercontent.com/gps-cs-s/APNQkAFodbC1dFIAzCsRL3P2ZNttK_sca15Ee8qOwaQJSuEmc6JX1LdDyBquKVg3lu-5W9TgoKy8ZUAhlDnSoJq0n53YjJ8WrVwmpd-0MaApeKOI4i5CHctvsp6rJZPKL-kwEHCB6Ije=w408-h270-k-no
Kost maafey,https://www.google.com/maps/search/?api=1&query=Kost%20maafey&query_place_id=ChIJ324veiz51y0RX6LNErYPxGE,"Pacar kembang5f No.33, Pacar Kembang, Kec. Tambaksari, Surabaya, Jawa Timur 60132, Indonesia",Surabaya,-72.607.912,1.127.679.382,"Pacar Kembang, Kecamatan Tambaksari",+62 878-5547-8885,Pacar kembang5f No.33,Jawa Timur,,700.000,L,"Kipas angin
Kasur
Meja
Lemari / Storage
Kursi
KM luar",https://lh3.googleusercontent.com/gps-cs-s/APNQkAELGYxszCbdRpt3E3vF5Rf5BTzt6H5X1szBLPxIi2v6bIFYUJ17zbpOtaLaFDfbP1RGXsr1gqE0ahKQsxWuW2ftuFt4e4q0TrjajPWxE9QeWjCRGyWeoBaXOsKexePNRYv0hC7D=w408-h544-k-no
Kost Karang Empat XI,https://www.google.com/maps/search/?api=1&query=Kost%20Karang%20Empat%20XI&query_place_id=ChIJj2RbDQL51y0R17yUSq18liE,"Jl. Karang Empat XI No.17, Ploso, Kec. Tambaksari, Surabaya, Jawa Timur 60133, Indonesia",Surabaya,-72.515.795,1.127.751.142,"Ploso, Kecamatan Tambaksari",+62 851-2452-5341,Jl. Karang Empat XI No.17,Jawa Timur,,1.250.000,C,"AC
Kasur
Meja
Lemari / Storage
Kursi
KM luar",https://lh3.googleusercontent.com/gps-cs-s/APNQkAHm0kq8BQw5QKocQH66eLSKylozePLhHIO7td5yZf7SQJxqC4bo_NVP4549kF_50zwGXXT0TRuo8rfQUnn6nMtB5L8KpMw9iLHvg4htzzB8MlsrHMuy7V1CSzHEbjAYfEdAA28=w408-h544-k-no
Kost Griya Putri 14 Gubeng,https://www.google.com/maps/search/?api=1&query=Kost%20Griya%20Putri%2014%20Gubeng&query_place_id=ChIJq36NI_f71y0RXlGgORJWwo4,"Jl. Gubeng Kertajaya IV B No.14, Kertajaya, Kec. Gubeng, Surabaya, Jawa Timur 60232, Indonesia",Surabaya,-72.793.601,1.127.529.676,"Kertajaya, Kecamatan Gubeng",+62 31 99441234,Jl. Gubeng Kertajaya IV B No.14,Jawa Timur,,2.100.000,P,"AC
Kasur
Meja
Meja Rias
Lemari / Storage
TV Kabel
Kursi
Cleaning service
KM Dalam",https://lh3.googleusercontent.com/gps-cs-s/APNQkAEwSrMWEXo4P_UkFLW5519yBA7N5sKgizl8lvLLauS7NkkbEDXqXvrQDhDwa7AxN8NPJKJc7uc0vDhVs11_WZzATKEDTEFHk9VNEHNqpeubc_ohwcuDbPiuMNfHTGjwoilAYcni=w408-h306-k-no
FS-Kost,https://www.google.com/maps/search/?api=1&query=FS-Kost&query_place_id=ChIJhTgxQrH71y0Rb9gWZJS52l8,"Jl. Gubeng Kertajaya VIII C No.49, RT.010/RW.12, Kertajaya, Gubeng, Surabaya, East Java 60282, Indonesia",Surabaya,-72.803.781,1.127.582.548,"Kertajaya, Kecamatan Gubeng",+62 856-2369-552,"Jl. Gubeng Kertajaya VIII C No.49, RT.010/RW.12",Jawa Timur,,1.700.000,C,"AC
Kasur
Meja
Lemari / Storage
Kursi
KM Dalam",https://streetviewpixels-pa.googleapis.com/v1/thumbnail?panoid=i439PymE8sfmJRNptCjdaA&cb_client=search.gws-prod.gps&w=408&h=240&yaw=182.98584&pitch=0&thumbfov=100
Kos Oma Gubeng,https://www.google.com/maps/search/?api=1&query=Kos%20Oma%20Gubeng&query_place_id=ChIJnYPXbQD71y0RNtczeY50UCA,"Jl. Mojo Kidul No.69-A, Mojo, Kec. Gubeng, Surabaya, Jawa Timur 60285, Indonesia",Surabaya,-72.686.657,1.127.673.901,"Mojo, Kecamatan Gubeng",81336121948,Jl. Mojo Kidul No.69-A,Jawa Timur,,1.550.000,P,"AC
Kasur
Meja
Lemari / Storage
Kursi
Kulkas
KM Dalam",https://lh3.googleusercontent.com/gps-cs-s/APNQkAHHnwaHburyciFePXGeugGxOlv6_1tyfP0RzL15wpPS36kQHqoKJGIqARIbaEI0jTxV21TM6Io0VU3gkKy1kT8DNueXJc2M2JefCmGyOUs5Wz6zv_0p3na2CiD0JgOqdDQyasq5Xm_iH8YH=w408-h544-k-no
KOS 59 SBY UNAIR,https://www.google.com/maps/search/?api=1&query=KOS%2059%20SBY%20UNAIR&query_place_id=ChIJp96YBgH51y0RdSsvBcvmr7I,"Jl. Kedung Sroko No.59, Pacar Kembang, Kec. Tambaksari, Surabaya, Jawa Timur 60132, Indonesia",Surabaya,-72.619.901,1.127.596.957,"Pacar Kembang, Kecamatan Tambaksari",+62 851-0287-6666,Jl. Kedung Sroko No.59,Jawa Timur,https://linktr.ee/kos59.sby,1.900.000,C,"AC
Kasur
Meja
Lemari / Storage
Kursi
Kulkas
KM Dalam",https://lh3.googleusercontent.com/gps-cs-s/APNQkAGNdJwBzAAbi7YaOBOuhVmEBzzZW_VDTS2wvJhgVH3qe1YdFcJJxlAlp3zv0UbIUr-zMQHgxm8Ko-bzzXYzlXml4WA84MnMbYbKWuKUf2rm8Hiu4N9jTKg6WvRe37A_bruZGU4=w408-h408-k-no
Griya Lestari Kos,https://www.google.com/maps/search/?api=1&query=Griya%20Lestari%20Kos&query_place_id=ChIJ0xE3pUz51y0R2Q_iuxxp55U,"Jalan Karang Asem XI No.2, Ploso, Kec. Tambaksari, Surabaya, Jawa Timur 60133, Indonesia",Surabaya,-72.510.738,1.127.741.741,"Ploso, Kecamatan Tambaksari",+62 821-1068-5371,Jalan Karang Asem XI No.2,Jawa Timur,,2.100.000,C,"AC
Kasur
Meja
TV
Lemari / Storage
Kursi
Kulkas
KM Dalam",https://lh3.googleusercontent.com/gps-cs-s/APNQkAFDaTG1kY7w5EUqLjLxYxgDLTvucmvM107Wqb_9mkkntFz4-EVYKDa7ggVMgRX1tpNL-KvlRfgzgWtwrtCNbE_6DySwVYovcv2WXw7aQnAHNu4sUxR4UY6G-Gwr9o90CO0R0bKt9g=w408-h256-k-no
Kost Rumah 87,https://www.google.com/maps/search/?api=1&query=Kost%20Rumah%2087&query_place_id=ChIJi3g0lkH51y0RlENzGNS4N_g,"Jl. Ploso 1 No.87, RT.13/RW.05, Ploso, Kec. Tambaksari, Surabaya, Jawa Timur 60133, Indonesia",Surabaya,-72.528.484,1.127.657.639,"Ploso, Kecamatan Tambaksari",+62 812-1314-8370,"Jl. Ploso 1 No.87, RT.13/RW.05",Jawa Timur,,1.500.000,C,"AC
Kasur
Meja
Lemari / Storage
Kursi
Kulkas
Cleaning service
KM Dalam",https://lh3.googleusercontent.com/gps-cs-s/APNQkAH7JkYjm9ugllGkfjS934AKeNdBg3W8KXLURNp3wGMy6c1LHeuGF-3EiJFsUe5j40hH8wfoW-7oQKBFo7SckEFaRtJ54x6S-ZKeiZoKPC9m-zYLZ3ETX2dXsu70TVEKxxjtY54Z5w=w408-h306-k-no
Kost Executive Ploso,https://www.google.com/maps/search/?api=1&query=Kost%20Executive%20Ploso&query_place_id=ChIJ_erdiZ351y0RzghVUrz-9WU,"Jl. Ploso 1 No.22, Ploso, Kec. Tambaksari, Surabaya, Jawa Timur 60133, Indonesia",Surabaya,-72.525.819,1.127.629.757,"Ploso, Kecamatan Tambaksari",+62 851-0309-8764,Jl. Ploso 1 No.22,Jawa Timur,https://kostplososurabaya.com/,1.700.000,C,"AC
Kasur
Meja
TV
Meja Rias
Lemari / Storage
Kursi
KM Dalam",https://lh3.googleusercontent.com/gps-cs-s/APNQkAHh7GNdZVuy-BDfhHgnVeTFBT1rbSNHlaBMp037DxoiNWLnz2Q6_88WExhTz90wj-mbiviBCdRAbCCylvdP7ew4ETkXU11SqEzGThBTcipG-bKOrpcaNjqAVS_1LO9qdLAdxJV_=w408-h306-k-no
Rumah Kos NABILA,https://www.google.com/maps/search/?api=1&query=Rumah%20Kos%20NABILA&query_place_id=ChIJX-fOZoP51y0RyEAC1qlY_pM,"Jl. Bronggalan Sawah VA No.4B, Pacar Kembang, Kec. Tambaksari, Surabaya, Jawa Timur 60132, Indonesia",Surabaya,-72.566.798,1.127.674.334,"Pacar Kembang, Kecamatan Tambaksari",+62 816-524-757,Jl. Bronggalan Sawah VA No.4B,Jawa Timur,,1.800.000,C,"AC
Kasur
Meja
TV
Meja Rias
Lemari / Storage
Kursi
KM Dalam",https://lh3.googleusercontent.com/gps-cs-s/APNQkAF0cFVOU1_OvDbxN2axLFbhXOp8qW6D5sjo55xX6CQaq-eD98s2U5qjXL-_PBl-PZISV7Y2c5Wly30sMoWfI5Vy6joSuy1DZk-mfPur1mWl8exZRyCsYAgEmRl5fw9RpWCqn7kT=w408-h306-k-no
Kost kosan indekost homeplaza surabaya,https://www.google.com/maps/search/?api=1&query=Kost%20kosan%20indekost%20homeplaza%20surabaya&query_place_id=ChIJrwPwukT51y0RvuakFXRp8J8,"Kota Jl. Ploso II No.22-A, RT.002/RW.05, Ploso, Kec. Tambaksari, Surabaya, Jawa Timur 60133, Indonesia",Surabaya,-72.513.865,1.127.658.613,"Ploso, Kecamatan Tambaksari",+62 812-3247-2720,"Kota Jl. Ploso II No.22-A, RT.002/RW.05",Jawa Timur,,800.000,C,"AC
Kasur
Meja
Lemari / Storage
Kursi
KM Luar",https://lh3.googleusercontent.com/gps-cs-s/APNQkAFrEo4o2Xw3MnDJWr3diSSA9H4kXYQtqvfQrv0bqq4YP8WVb79t8oDtxi8Tffq-LcnBuEjnt0NWECN4ikqgeTJwGREWFLCUF48vdU1KePaDKF0ZZF308Y6UAsABLFzbSWM-AUI4=w493-h240-k-no
Kos PAW,https://www.google.com/maps/search/?api=1&query=Kos%20PAW&query_place_id=ChIJxX4Pd7L51y0RaW4TA2Y6tsc,"Putro Agung Wetan No.25, Rangkah, Kec. Tambaksari, Surabaya, Jawa Timur 60135, Indonesia",Surabaya,-7.248.312,1.127.685.125,"Rangkah, Kecamatan Tambaksari",,Putro Agung Wetan No.25,Jawa Timur,https://linktr.ee/griyaliving,2.500.000,C,"AC
Kasur
Meja
Lemari / Storage
Kursi
Dispenser
KM Dalam",https://lh3.googleusercontent.com/gps-cs-s/APNQkAHCCU3jE2tewHvwGUGhUcBthC-CPRfytolvJMQtQdYROTnYJrZGiYkggTXj5hNvrmcVA5hbIjHpkWDQKhRpf13-Gv-Emo9m3_RLzZhKMHirZMoZilzgc3YmM6Jgiqb4hqeycAuqUWsrHsFV=w408-h544-k-no
Kost Bunda Grand New,https://www.google.com/maps/search/?api=1&query=Kost%20Bunda%20Grand%20New&query_place_id=ChIJ_8FTzLr51y0R4s0AP8K7qzY,"Jl. Pacar Keling IX No.6, Pacar Keling, Kec. Tambaksari, Surabaya, Jawa Timur 60131, Indonesia",Surabaya,-72.584.506,1.127.605.273,"Pacar Keling, Kecamatan Tambaksari",+62 813-3202-1435,Jl. Pacar Keling IX No.6,Jawa Timur,,500.00,C,"Kasur
Meja
Lemari / Storage
Kursi
KM Luar",https://lh3.googleusercontent.com/gps-cs-s/APNQkAFc6oHKjokj7lZNsPMgojdAyrKhSMHrfGlvsHl9-G5RVlVwNgyFUxquwptvAbU3v5n8QE0d6CO6Ci5TrVHoxmNJgOTDINgpcpoc6OwxhHMLliSCdinSQT548vfcrPU9h2FTK1xw=w521-h240-k-no
Halto Kost Kali Kepiting Indah B9 Surabaya,https://www.google.com/maps/search/?api=1&query=Halto%20Kost%20Kali%20Kepiting%20Indah%20B9%20Surabaya&query_place_id=ChIJG5ZcmfH51y0RjOeT56T2VCA,"Perumahan Jl. Kalikepiting Indah No.B-9, Pacar Kembang, Kec. Tambaksari, Surabaya, Jawa Timur 60132, Indonesia",Surabaya,-72.620.214,1.127.668.383,"Pacar Kembang, Kecamatan Tambaksari",+62 821-4367-5551,Perumahan Jl. Kalikepiting Indah No.B-9,Jawa Timur,,1.300.000,L,"Air PDAM lancar, listrik token 2000W, meja kursi kerja, lemari. Fasilitas umum : parkir motor (no mobil), dapur, kompor gas, musholla, ruang tamu. Lokasi dekat FK Unair, RSUD dr Soetomo, RS Husada Utama dll.

Fasilitas Kamar
 Spring Bed
 Perabot
 Free WiFi
 AC
 Kamar Mandi Dalam

Fasilitas Bersama
 Ruang Tamu
 Ruang Makan
 Dapur
 Keamanan
 Parkir Motor

Fasilitas Sekitar
 Kampus
 Perkantoran
 Mall / Pusat Perbelanjaan
 Rumah Sakit
 Rumah Makan
 Minimarket",https://lh3.googleusercontent.com/gps-cs-s/APNQkAFrhWUtAWrPJcRJzDtJo6gRr0eNkeyMbD37LyEZTJmVOWWyReC5VpfCrOc4lEpobf2o5NCPyuPVuGt8WHm32ivFoFrFx5hqpGwM_hMPUsnhw80rmZ7qSaeneKx6Mta96sIRW926pA=w408-h544-k-no
Kost Manunggal 188 (Kos Pria),https://www.google.com/maps/search/?api=1&query=Kost%20Manunggal%20188%20(Kos%20Pria)&query_place_id=ChIJdXO6kqn-1y0RN9Zvy8D3kkQ,"Jl. Simo Kalangan No.188 Blok K, Simomulyo, Kec. Sukomanunggal, Surabaya, Jawa Timur 60281, Indonesia",Surabaya,-72.674.209,1.127.084.641,"Simomulyo, Kecamatan Sukomanunggal",+62 852-4753-4603,Jl. Simo Kalangan No.188 Blok K,Jawa Timur,,1.500.000,L,"Fasilitas kamar

AC
Kasur
Meja
Lemari / Storage
Jendela
Cermin
Bantal
Kursi

Fasilitas umum

WiFi
R. Tamu
R. Jemur
Dapur
Jemuran
Pengurus Kos
CCTV

Fasilitas parkir
Parkir Motor
Parkir Sepeda
Parkir Motor & Sepeda",https://lh3.googleusercontent.com/gps-cs-s/APNQkAFTc7MT0JmantzIfRRTdU9Nphv6wRmBscP9AIbnRKZkVahstZTltLFC4ydTSFWnW6voLQOLxJSZhGvVn545D-TlPxudCgvP8j359tVJVmbPn_oRo34UaEwF0IuJCCRt7I6kN-iC=w408-h306-k-no
Kost Exclusive Manukan Telaga,https://www.google.com/maps/search/?api=1&query=Kost%20Exclusive%20Manukan%20Telaga&query_place_id=ChIJ3QAxoJD_1y0R6ikDifjVQgA,"Jl. Manukan Telaga No.15-19, Manukan Kulon, Kec. Tandes, Surabaya, Jawa Timur 60185, Indonesia",Surabaya,-72.604.499,1.126.694.948,"Manukan Kulon, Kecamatan Tandes",,Jl. Manukan Telaga No.15-19,Jawa Timur,,1.500.000,C,"Fasilitas lengkap :
• WiFi 100 MBPS (Free)
• AC 1PK
• Smart TV 32inci
• Bed
• Lemari pakaian
• Meja/Kursi
• Dapur mini 
• Kulkas
• Kamar Mandi Dalam
• Dilengkapi dengan CCTV 24 JAM
• Parkiran Luas 
• Akses 24 jam
• Lokasi strategis, Mudah di jangkau, dan bebas banjir, ",https://lh3.googleusercontent.com/gps-cs-s/APNQkAFGF_dpQ_aq7ToJXfQxZe13AdZ4XPjiQuuT1azODTqGr2bZH5OZl07jYgoNYg3-WvoQzp23s3eVE-IwCrlPgToS7ARMuTibqxn-3Mg8jZ3TceumqtjF_9En9ERuOLfA2AvK5eL0=w408-h544-k-no
KOS KOSAN PUTRA Pak Jaenal,https://www.google.com/maps/search/?api=1&query=KOS%20KOSAN%20PUTRA%20Pak%20Jaenal&query_place_id=ChIJpbEKMrj_1y0RYFPY5M21Y5g,"Jl. Bandarejo Tama No.38, Sememi, Kec. Benowo, Surabaya, Jawa Timur 60198, Indonesia",Surabaya,-7.252.777,1.126.471.469,"Sememi, Kecamatan Benowo",+62 813-3349-6529,Jl. Bandarejo Tama No.38,Jawa Timur,,550.000,L,"Fasilitas kamar
Kasur
Lemari / Storage
Jendela

Fasilitas kamar mandi
Kloset Jongkok
K. Mandi Luar
Shower

Fasilitas umum
Dapur
Pengurus Kos
Joglo
K. Mandi Luar

Fasilitas parkir
Parkir Motor
Parkir Sepeda",https://streetviewpixels-pa.googleapis.com/v1/thumbnail?panoid=kS7wE9vZZeiV5N18HFGZWA&cb_client=search.gws-prod.gps&w=408&h=240&yaw=181.58035&pitch=0&thumbfov=100
KOST PUTRA SARNO,https://www.google.com/maps/search/?api=1&query=KOST%20PUTRA%20SARNO&query_place_id=ChIJY_UmZQD51y0Rz6_-kpGU54Y,"Jl. Asembagus 3 No.17, Tembok Dukuh, Kec. Bubutan, Surabaya, Jawa Timur 60173, Indonesia",Surabaya,-72.538.192,1.127.189.984,"Tembok Dukuh, Kecamatan Bubutan",+62 822-2557-2054,Jl. Asembagus 3 No.17,Jawa Timur,,600.000,C,"Tempat Jemuran Baju.
CCTV
Wifi
Sping Bet
Lemari
Meja,
Garasi Dalam Roda Dua R2",https://lh3.googleusercontent.com/gps-cs-s/APNQkAHFbL8Yc-Q5gkZGqwZZCioIeIT2YHEgRV7bdOak_GHfKWP7-NErqf_bGcF7LWoeY_4OuIwlFYFYzgKFjYjJxjqtxGyXMGrgqoIyYARcrCkdV-90eKClQ210FkMOrVxeqOvNwJg6oZjs-ZNf=w408-h244-k-no
Kost Putra Putri Aminah Djaya,https://www.google.com/maps/search/?api=1&query=Kost%20Putra%20Putri%20Aminah%20Djaya&query_place_id=ChIJsfSWDgD_1y0RC5rWa2OCRUU,"Jl. Simo Pomahan Baru V No.33, Simomulyo, Kec. Sukomanunggal, Surabaya, Jawa Timur 60281, Indonesia",Surabaya,-72.620.675,1.127.064.474,"Simomulyo, Kecamatan Sukomanunggal",+62 856-0848-3245,Jl. Simo Pomahan Baru V No.33,Jawa Timur,,550.000,C,"Fasilitas
- Kasur, bantal
- Kipas
- Lemari
- Free wifi
- Dapur umum
- Kamar mandi luar
- Parkiran nyaman
- Akses jalan motor bisa dinaiki",https://lh3.googleusercontent.com/gps-cs-s/APNQkAHUbX9swADCAChFkvJq7hNa2I0BPTJPIc4BO0oSEVIBxEuD95flAnwK2gnwS_V086Sku-TplgoclI5HsfsXqFQOpI09a50tfQCtsviHrSINZr6prCg2mywzjnVvXfBvNI_gAwBIfQ4pzLPz=w408-h906-k-no
Fanisa Kost Putra,https://www.google.com/maps/search/?api=1&query=Fanisa%20Kost%20Putra&query_place_id=ChIJ2zzwPsv71y0RWyjECulpd2A,"Perumahan PLN, Jl. Tidar No.14 Blok 157, Asem Rowo, Kec. Asem Rowo, Surabaya, Jawa Timur 60252, Indonesia",Surabaya,-72.550.185,1.127.138.103,"Asem Rowo, Kecamatan Asem Rowo",+62 822-5349-0002,"Perumahan PLN, Jl. Tidar No.14 Blok 157",Jawa Timur,,700.000,L,"1. menyediakan jasa tempat tinggal untuk per orang.
2. lingkungan yang tenang, bisa dibuat untuk istirahat.
3. Akses ke kos dapat dilalui mobil, motor, sepeda.
4. Parkiran kos dilengkapi dengan CCTV
5. Kos sudah tersedia kasur, Kipas / AC, Lemari, tinggal check in saja.
6. tersedia fasilitas WiFi",https://lh3.googleusercontent.com/gps-cs-s/APNQkAH8zcFYI-KBP9aPtk2rwZ7rPcuqW-3mrIzWYVB5WSieVZ1iVoAC1LV_WJpze0YcrO4kGL9IyLmUlqmM_gxVm2RabTCT_lCHDYLdQJxG-JK802EYrfh9TrJzT7CTMMjwvY0Yoytg=w408-h577-k-no
Doctor Kost Putra Sby,https://www.google.com/maps/search/?api=1&query=Doctor%20Kost%20Putra%20Sby&query_place_id=ChIJIbrVVSv51y0R9nuAdmLrv6A,"Jl. Dharmahusada V No.1E, Pacar Kembang, Kec. Tambaksari, Surabaya, Jawa Timur 60132, Indonesia",Surabaya,-72.635.477,1.127.614.542,"Pacar Kembang, Kecamatan Tambaksari",,Jl. Dharmahusada V No.1E,Jawa Timur,,1.550.000,L,"Fasilitas kamar

AC
Kasur
Meja
Lemari / Storage
Ventilasi
Jendela
Guling
Cermin
Bantal
Kursi

Fasilitas kamar mandi

K. Mandi Dalam
Kloset Duduk
Ember mandi
Shower

Fasilitas umum
WiFi
Balcon

Fasilitas parkir
Parkir Motor & Sepeda",https://lh3.googleusercontent.com/gps-cs-s/APNQkAGNPmMNqUlgPtEgIz0rArytxigPVXXjlHtC3pyCDSsNxkwt9HCkgDcvcVB7z0F5Q0gsjkg-HHSmMaoj2QXmikxknfqYkWqTr3bBQoMm8KqZ7JVosf1q0C9NzjXWNl08OKApctmF=w408-h247-k-no
Kost Putra Sakinah - Dharmawangsa,https://www.google.com/maps/search/?api=1&query=Kost%20Putra%20Sakinah%20-%20Dharmawangsa&query_place_id=ChIJ8ZogktX71y0RB9rI2Ihf7bk,"Jl. Dharmawangsa Lapangan No.28i, Airlangga, Kec. Gubeng, Surabaya, Jawa Timur 60286, Indonesia",Surabaya,-72.668.633,1.127.553.556,"Airlangga, Kecamatan Gubeng",+62 813-7000-1946,Jl. Dharmawangsa Lapangan No.28i,Jawa Timur,,850.000,L,"Fasilitas kamar

Kasur
Meja
Lemari / Storage
Ventilasi
Jendela
Cermin
Bantal
Kipas Angin

Kloset Jongkok
Kloset Jongkok

Fasilitas Kamar Mandi
K. Mandi Luar
Ember mandi
Bak mandi

Catatan
Biaya tambahan 100.000 apabila membawa (Rice cooker, Setrika, Televisi, Laptop dan alat elektronik selain dari penyedia Kost)",
Kos Putri Anggun,https://www.google.com/maps/search/?api=1&query=Kos%20Putri%20Anggun&query_place_id=ChIJZVHpJ8771y0R5r_Z_UsN-nM,"Jl. Karang Wismo I No.3, Airlangga, Kec. Gubeng, Surabaya, Jawa Timur 60286, Indonesia",Surabaya,-72.745.614,112.759.686,"Airlangga, Kecamatan Gubeng",,Jl. Karang Wismo I No.3,Jawa Timur,,800.000,P,"Spring bed sprei, lemari meja, km dalam,tv,wifi,free air listrik,dapur umum, parkir luas nyaman lingkungan luas aman",https://streetviewpixels-pa.googleapis.com/v1/thumbnail?panoid=7wAQKz_ZDGCEgiYPQ9pp0g&cb_client=search.gws-prod.gps&w=408&h=240&yaw=73.975945&pitch=0&thumbfov=100
Kost Haselli,https://www.google.com/maps/search/?api=1&query=Kost%20Haselli&query_place_id=ChIJw7t-LAD71y0RCHdxDFxgWYw,"Gg. Baru Jl. Gubeng Masjid IV No.14, RT.005/RW.07, Pacar Keling, Tambaksari, Surabaya, East Java 60131, Indonesia",Surabaya,-726.782,112.753.474,"Pacar Keling, Kecamatan Tambaksari",+62 818-0202-1551,"Gg. Baru Jl. Gubeng Masjid IV No.14, RT.005/RW.07",Jawa Timur,,700.000,C,"Fasilitas kamar

Kasur
Lemari / Storage
Ventilasi
Bantal
Kipas Angin
Cleaning service

Fasilitas kamar mandi

Kloset Jongkok
K. Mandi Luar
Wastafel
Ember mandi
Bak mandi

Fasilitas umum

R. Tamu
Penjaga Kos
R. Jemur
Dispenser
Dapur
Jemuran
Pengurus Kos
K. Mandi Luar

Informasi kos:
Parkir motor dan sepeda
> 5 orang/ kamar
Ada jam malam untuk tamu
Akses 24 Jam
Boleh pasutri
Denda kerusakan barang kos",
Kost Lovina,https://www.google.com/maps/search/?api=1&query=Kost%20Lovina&query_place_id=ChIJjZsSGAD51y0RXUDhPiQwKBg,"Jl. Putro Agung II No.14, Rangkah, Kec. Tambaksari, Surabaya, Jawa Timur 60135, Indonesia",Surabaya,-72.494.523,1.127.665.518,"Rangkah, Kecamatan Tambaksari",,Jl. Putro Agung II No.14,Jawa Timur,,1.000.000,P,"Fasilitas kamar

AC
Kasur
Meja
Lemari / Storage
Jendela
Bantal

Fasilitas kamar mandi
Kloset Duduk
K. Mandi Luar
Shower

Fasilitas umum
WiFi
R. Cuci
Kulkas
R. Tamu
R. Jemur
R. Makan
R. Santai
Dapur
Jemuran
R. Keluarga",https://streetviewpixels-pa.googleapis.com/v1/thumbnail?panoid=ZlZ2534N3V-Rw15GCYo-cw&cb_client=search.gws-prod.gps&w=408&h=240&yaw=192.5999&pitch=0&thumbfov=100
Kost Putra Surabaya dekat Unair-ITS-Galaxy Mall Mulyorejo,https://www.google.com/maps/search/?api=1&query=Kost%20Putra%20Surabaya%20dekat%20Unair-ITS-Galaxy%20Mall%20Mulyorejo&query_place_id=ChIJyZR7I9n71y0RnxNsGlgPTP8,"Jl. Mulyorejo Selatan Baru No.8A, Mulyorejo, Kec. Mulyorejo, Surabaya, Jawa Timur 60116, Indonesia",Surabaya,-72.781.395,1.127.743.682,"Mulyorejo, Kecamatan Mulyorejo",+62 895-1759-1342,Jl. Mulyorejo Selatan Baru No.8A,Jawa Timur,https://mamikos.com/room/kost-surabaya-kost-putra-murah-kost-pak-josa-unair-its-pens-galaxy-mall-mulyorejo-surabaya#/,1.000.000,L,"Fasilitas kamar

Meja
Lemari / Storage
Bantal
Kipas Angin

Fasilitas kamar mandi
K. Mandi Dalam
Kloset Duduk
Ember mandi

Catatan:
Akses mudah untuk tempat makan, jalan bisa dilalui mobil, tidak banjir

Keterangan biaya lainnya Harga sudah termasuk listrik dan air PDAM, WIFI",https://lh3.googleusercontent.com/gps-cs-s/APNQkAF70RjKr2vUvVtsQA_-whrsjbrpvjx5OAMTV7AUA-pd5Dxx-E0dHNRSEH04LwKkpZgk-8Q9WILd-aVJgjP6TldAjKUCxiGwRk54Hphj8DsOTqutF5da2Xgt1OqODO4MJUoQ-pPz=w480-h240-k-no
Cewekos,https://www.google.com/maps/search/?api=1&query=Cewekos&query_place_id=ChIJA6fAryj71y0RM1H9cQVziLE,"Jl. Kedondong Lor I Jl. Kedondong No.16, Embong Kaliasin, Kec. Genteng, Surabaya, Jawa Timur 60271, Indonesia",Surabaya,-72.694.819,112.739.034,"Embong Kaliasin, Kecamatan Genteng",+62 822-3366-0079,Jl. Kedondong Lor I Jl. Kedondong No.16,Jawa Timur,,1.650.000,P,"Fasilitas kamar
AC
Kasur
Meja
Meja Rias
Lemari / Storage
Jendela
Cermin
Bantal
Kursi

Fasilitas kamar mandi
Kloset Duduk
K. Mandi Luar
Wastafel
Shower

Catatan:
keamanan terjamin karena gerbang pemukiman di gembok pukul 22.00

Keterangan biaya lainnya deposit 1.5jt dan 1 bulan harga sewa kamar 1.65jt jadi total 3.15jt bayar di depan. deposit akan kami kembalikan setelah penyewa tidak lagi menempati kamar yang di sewa",https://lh3.googleusercontent.com/gps-cs-s/APNQkAECUAcE_02dse--jVm3CejsFUI72Hs2Ysa5cvWYlIeJijxN9zzCVdJJhHHDVIFkhSL5Q3KL067-210EAj2aYidG3of0t45-JY8e4ygn07SvJE-qbFOh7nXlY6L1RZupYj9L7JYJnw=w493-h240-k-no
Kos Kartiko 9,https://www.google.com/maps/search/?api=1&query=Kos%20Kartiko%209&query_place_id=ChIJNT9MOQD51y0RtHJsS3yxegA,"Embong Kartiko No.9, Peneleh, Kec. Genteng, Surabaya, Jawa Timur 60274, Indonesia",Surabaya,-72.515.128,1.127.428.886,"Peneleh, Kecamatan Genteng",+62 822-3344-1979,Embong Kartiko No.9,Jawa Timur,,1.300.000,P,"Fasilitas kamar
AC
Kasur
Meja
Meja Rias
Lemari / Storage
Ventilasi
Jendela
Cermin
Bantal
Wastafel

Fasilitas kamar mandi
K. Mandi Dalam
Kloset Duduk
Wastafel
Shower

Fasilitas parkir
Parkir Motor
Parkir Sepeda
Parkir Motor & Sepeda",https://lh3.googleusercontent.com/gps-cs-s/APNQkAGjckE3V_ftZq8bSsD0O1WV_LqbHE5CP0IrhINnvmM45nv4b-NzOekOcy1wqYy33bkT5pVSHc5l_QMTftYG9IHEtAjduG7YyB8aBWejfA_ShVVTCh-whSzXwwq85OnEnFUYH8tR=w408-h272-k-no
Hidden Kos,https://www.google.com/maps/search/?api=1&query=Hidden%20Kos&query_place_id=ChIJjwXE0oD51y0RN3So8nNIVEA,"Jl karanggayam Wetan I No.33, Mojo, Kec. Gubeng, Surabaya, Jawa Timur 60881, Indonesia",Surabaya,-72.639.606,1.127.666.232,"Mojo, Kecamatan Gubeng",+62 858-1607-5724,Jl karanggayam Wetan I No.33,Jawa Timur,https://mamikos.com/room/kost-surabaya-kost-campur-eksklusif-kost-hidden-tipe-a-gubeng-surabaya-2?redirection_source=Nama%20Kos%20Terkait,1.650.000,C,"Fasilitas kamar Tidur (2.5 x 3.5 meter) 
1. Ac
2. Kasur
3. Dispenser
4. Meja
5. Lemari
Fasilitas Kamar Mandi
1. Kamar mandi dalam
2. Kloset jongkok
3. Shower
4. Bak Mandi",https://lh3.googleusercontent.com/gps-cs-s/APNQkAF8k76Pgmlc8Lldan4e8jbC5sbo-l0q1XjXzeEK2f7UaYal41CYZFWEBmlHNZup7IAre2a7npEUWqCFK9l4DLLeTFhVmc0ppASeSXtbGPPK3DazF8Vs3sugXuFP4GpYa_EAglo2nZji47wf=w426-h240-k-no
KOS PUTRI 79D SYARIAH,https://www.google.com/maps/search/?api=1&query=KOS%20PUTRI%2079D%20SYARIAH&query_place_id=ChIJLzP8SAD71y0R8LyzNGnwQEI,"Jl. Manyar Sambongan No.79D, RT.5/RW.3, Kertajaya, Kec. Gubeng, Surabaya, Jawa Timur 60282, Indonesia",Surabaya,-7.280.676,112.759.575,"Kertajaya, Kecamatan Gubeng",+62 851-0006-2969,"Jl. Manyar Sambongan No.79D, RT.5/RW.3",Jawa Timur,https://mamikos.com/room/kost-surabaya-kost-putri-murah-kost-79d-syariah-tipe-a-gubeng-surabaya,750.000,P,"Fasilitas kamar Tidur (3 x 3 meter) 
1. Jendela
2. Kasur
3. Ventilasi
4. Meja
5. Lemari
Fasilitas Kamar Mandi
1. Kamar mandi dalam
2. Kloset jongkok
3. Bak Mandi",https://lh3.googleusercontent.com/gps-cs-s/APNQkAH0FfQNAGHbDS3agkpwD1iM0YG_soMP37_ciKDAnihjj2GpN4gytCAtWHYkw6D33yFR-qXuoOH7qdk9YN5uDtNduug_Te1Ig8fnlCgjigWOK7jpmCddihSGRQxJCzxQ7glu_ezgmc0HyyN3=w408-h725-k-no
Kost Putri SURAYYA,https://www.google.com/maps/search/?api=1&query=Kost%20Putri%20SURAYYA&query_place_id=ChIJ6T3QY8P71y0RF6NyfsmDG0A,"Jl. Manyar Sambongan No.85-H, Kertajaya, Kec. Gubeng, Surabaya, Jawa Timur 60282, Indonesia",Surabaya,-7.280.708,1.127.599.491,"Kertajaya, Kecamatan Gubeng",+62 811-3111-099,Jl. Manyar Sambongan No.85-H,Jawa Timur,https://mamikos.com/room/kost-kota-surabaya-kost-putri-eksklusif-kost-soraya-hasan-syihab-tipe-a-genteng-surabaya-2,1.375.000,P,"Fasilitas kamar Tidur (2.5 x 3.5 meter) 
1. Ac
2. Kasur
3. Jendela
4. Meja
5. Lemari
Fasilitas Kamar Mandi
1. Kamar mandi dalam
2. Kloset jongkok
3. Shower
4. Ember Mandi",https://lh3.googleusercontent.com/gps-cs-s/APNQkAFrTmgQb-lw-5v6uFrziawSaH7Sj1dCN5UZTbOFAGXRaddBGSZc6O4wcMOeVmg3QWb_0CvVkZ_b0gfYWMcxIGxSceeIos6CBiZqRhHrLHkC4NhoOaVeyV5-TaZhZP2472MN5pdAsrJm2q_J=w408-h567-k-no
Kost Azalea,https://www.google.com/maps/search/?api=1&query=Kost%20Azalea&query_place_id=ChIJp5JpGgD71y0RddhaNTr864k,"Jl.Gub, Jl. Gubeng Kertajaya IX BT depan masjid muslimun No.15, RT.9/RW.5, Airlangga, Kec. Gubeng, Surabaya, Jawa Timur 60286, Indonesia",Surabaya,-72.770.248,1.127.576.714,"Airlangga, Kecamatan Gubeng",,"Jl.Gub, Jl. Gubeng Kertajaya IX BT depan masjid muslimun No.15, RT.9/RW.5",Jawa Timur,https://mamikos.com/room/kost-kota-surabaya-kost-putri-eksklusif-kost-azalea-gubeng-surabaya-2,750.000,P,"Spesifikasi tipe kamar

3 x 3 meter
Termasuk listrik

Fasilitas Kamar Tidur
1. Kasur
2. Meja
3. TV
4. Meja Rias
5. Lemari / Storage

Fasilitas kamar mandi
1. Kloset Duduk
2. Kloset Jongkok
3. K. Mandi Luar
4. Wastafel
5. Bak mandi",https://streetviewpixels-pa.googleapis.com/v1/thumbnail?panoid=wLsxafTdw_tblhf80pI3cQ&cb_client=search.gws-prod.gps&w=408&h=240&yaw=19.534708&pitch=0&thumbfov=100
Grand Gayatri,https://www.google.com/maps/search/?api=1&query=Grand%20Gayatri&query_place_id=ChIJPfffb2j51y0RbtyfmjQQ5hY,"Jl. Dharmahusada III No.11, RT.002/RW.01, Pacar Kembang, Kec. Tambaksari, Surabaya, Jawa Timur 60132, Indonesia",Surabaya,-72.650.533,1.127.618.816,"Pacar Kembang, Kecamatan Tambaksari",+62 812-3329-4664,"Jl. Dharmahusada III No.11, RT.002/RW.01",Jawa Timur,https://mamikos.com/room/kost-kota-surabaya-kost-putri-eksklusif-kost-grand-gayatri-tambaksari-surabaya,1.800.000,P,"Spesifikasi tipe kamar

3 x 4 meter
Tidak Termasuk listrik

Fasilitas Kamar Tidur
1. Kasur
2. Meja
3. TV
4. AC
5. Lemari / Storage

Fasilitas kamar mandi
1. Kloset Duduk
2. Kloset Jongkok
3. K. Mandi Luar
4. Wastafel
5. Air panas",https://lh3.googleusercontent.com/gps-cs-s/APNQkAHAu0OozyGf5MnJyBLh_Ly-pRGlkbWc2LpTpTHR4IAb0lhfGDBSf95FtAgMaeeNZcJ51S-3E1hSPiaaWW37Hmm97GQ3wOnYoF6xXu_yw__D6LvIIc1pBHB-frwl4G8ctpX2VSEm5A=w408-h305-k-no
Sabana House Kost,https://www.google.com/maps/search/?api=1&query=Sabana%20House%20Kost&query_place_id=ChIJ3_xwM5H71y0RKhi9Udbfd4w,"Jl. Gubeng Kertajaya I Raya B No.4, Gubeng, Kec. Gubeng, Surabaya, Jawa Timur 60281, Indonesia",Surabaya,-7.276.329,112.751.264,"Gubeng, Kecamatan Gubeng",+62 857-0429-6896,Jl. Gubeng Kertajaya I Raya B No.4,Jawa Timur,https://mamikos.com/room/kost-kota-surabaya-kost-campur-eksklusif-kost-sabaya-house-vvip-gubeng-surabaya-2,2.900.000,C,"Spesifikasi tipe kamar

3 x 5 meter
Tidak Termasuk listrik

Fasilitas Kamar Tidur
1. Kasur
2. Meja dan Kursi
3. TV
4. AC
5. Lemari / Storage

Fasilitas kamar mandi
1. Kloset Duduk
2. Shower",https://lh3.googleusercontent.com/gps-cs-s/APNQkAEsnvJIPqBjvge9pY9qO64P_LKi9Md-eSbV0xdrmWKzdnC0zPjfhLP0sjfEna7UV65LPxNqitJCgxYRcOQ-sRNm871KfSExndADO2k9f-nfGa31IZtEBlsN4yO5cGA6TF84FX2kwA=w408-h272-k-no
Kost Putri Sanusi,https://www.google.com/maps/search/?api=1&query=Kost%20Putri%20Sanusi&query_place_id=ChIJVStlgX_51y0RdBBVcjadOYk,"Jl. Kedung Tarukan V No.79-E, Pacar Kembang, Kec. Tambaksari, Surabaya, Jawa Timur 60132, Indonesia",Surabaya,-7.263.551,1.127.625.469,"Pacar Kembang, Kecamatan Tambaksari",+62 896-1298-6784,Jl. Kedung Tarukan V No.79-E,Jawa Timur,https://mamikos.com/room/kost-kota-surabaya-kost-putri-murah-kost-ibu-sanusi-tambaksari-surabaya,600.000,P,"Fasilitas kamar Tidur (2.5 x 3.5 meter) 
1. Vantilasi
2. Kasur
3. Jendela
4. Meja
5. Lemari
Fasilitas Kamar Mandi
1. Kamar mandi luar
2. Kloset jongkok
3. Shower
4. Ember Mandi",https://lh3.googleusercontent.com/gps-cs-s/APNQkAFSBpGqBV_1oCtNW7UIfg1M6UgnblrKw36DssRLIp-kXH5zL8YYcRyJxJklHnp5uOKBMt4n48N8OXrtCJIT6HIBd-zFfZKFcFduTHDMxCN1tCjaTe4eyrTCnt1OYgB_SQvuJ2hG=w408-h806-k-no
KOS BEBAS RAHAYU,https://www.google.com/maps/search/?api=1&query=KOS%20BEBAS%20RAHAYU&query_place_id=ChIJGwB5gPn71y0R_4EUn0_Mt8k,"Jl. Dharmahusada No.36 B, Mojo, Kec. Gubeng, Surabaya, Jawa Timur 60285, Indonesia",Surabaya,-7.266.613,1.127.673.927,"Mojo, Kecamatan Gubeng",+62 813-5766-6846,Jl. Dharmahusada No.36 B,Jawa Timur,https://web.facebook.com/groups/569306431338374/posts/829672528635095/?_rdc=1&_rdr#,600.000,C,"Fass :
✓ kasur lemari parkir motor
✓ aman, jalan raya, wifi unlimited
✓ no AC, toilet luar
✓ bersih, ada cctv, bebas 
✓ harga sudah termasuk iuran sampah, RT, listrik, air, dll
✓ tanpa jam malam, kunci pagar bawa sendiri.
✓ pemilik kos familiar, gak ribet 
✓ harga pas no nego, penempatan harus pelunasan, ada harga ada jaminan aman bebas
✓ bebas LV gak ada syarat
✓ 2 orang/ kamar, 1 motor/kamar",https://lh3.googleusercontent.com/gps-cs-s/APNQkAEvs3rSclE0Sf0_7at2d8-l5wQv654FgCXzspKAeFxwJCGfMba4tWrIIchEv8DIi71lhE9agK-T2TkZ1wllQxqoxnJorHfX6B4tfb01bldEIjJYXWmH2Mb-Tbm7k4UzFgMX2QzsA1tBbzeT=w408-h908-k-no
KOS PASUTRI BPK KRISTAMAJI,https://www.google.com/maps/search/?api=1&query=KOS%20PASUTRI%20BPK%20KRISTAMAJI&query_place_id=ChIJifUuyqb71y0RJCipz8w5UJA,"Jl. Mojoklanggru Lor Gg. 1 No.4, RT.002/RW.004, Mojo, Kec. Gubeng, Surabaya, Jawa Timur 60285, Indonesia",Surabaya,-72.669.752,1.127.674.145,"Mojo, Kecamatan Gubeng",+62 851-0027-6294,"Jl. Mojoklanggru Lor Gg. 1 No.4, RT.002/RW.004",Jawa Timur,https://web.facebook.com/groups/infokos/posts/717790317113434/?_rdc=1&_rdr#,650.000,C,"Fasilitas:
• Lemari
• Kasur
• Meja
• Token Listrik setiap kamar
• Free Wifi 
• Free PDAM
• Area kos aman dipantau CCTV 24 jam
Lokasi strategis hanya 100m dari gang (motor boleh dinaiki). Dekat Pom Bensin Dharmahusada, Depot Bu Rudy, laundry, warkop. Dekat area kampus seperti Kampus Unair, ITS dan RSUD Dr. Soetomo Surabaya.
Harga :
450.000/orang. (Kamar mandi luar)
550.000/2 orang (Kamar mandi luar)
650.000 / orang (Kamar mandi dalam)",https://streetviewpixels-pa.googleapis.com/v1/thumbnail?panoid=xXUCTzt4RoIJbsC8J-wJBw&cb_client=search.gws-prod.gps&w=408&h=240&yaw=273.49033&pitch=0&thumbfov=100
Kos Karang Menjangan 27,https://www.google.com/maps/search/?api=1&query=Kos%20Karang%20Menjangan%2027&query_place_id=ChIJN51DHQD71y0R71l2LdSGVdw,"Jl. Karang Menjangan No.27, Mojo, Kec. Gubeng, Surabaya, Jawa Timur 60285, Indonesia",Surabaya,-72.676.428,1.127.611.356,"Mojo, Kecamatan Gubeng",+62 812-2428-2515,Jl. Karang Menjangan No.27,Jawa Timur,https://mamikos.com/room/kost-kota-surabaya-kost-campur-eksklusif-kost-karang-menjangan-27-gubeng-surabaya,2.000.000,C,"Spesifikasi tipe kamar

3 x 4 meter
Tidak Termasuk listrik

Fasilitas Kamar Tidur
1. Kasur
2. Meja
3. TV
4. AC
5. Lemari / Storage

Fasilitas kamar mandi
1. Kloset Duduk
2. Kloset Jongkok
3. K. Mandi Luar
4. Wastafel
5. Air panas",https://lh3.googleusercontent.com/gps-cs-s/APNQkAHXfFC4KObbRgqOyCQ4Aa-9MsEgZPWW6x9ecXOTVh3dgg5B1qZZ-ziMlo9yBhAB11Jt_cY03UN6hCSpZk6oEcTAVlT77ov0f_GcMquezlweIttWfcTPLZlnyQIyFSn4fmImBuTU=w408-h306-k-no
Kos Griya Adis,https://www.google.com/maps/search/?api=1&query=Kos%20Griya%20Adis&query_place_id=ChIJNQUALX771y0RZ9Y3pKl8hAw,"Jl. Kedung Tarukan Baru IV No.15, Mojo, Kec. Gubeng, Surabaya, Jawa Timur 60285, Indonesia",Surabaya,-72.664.545,1.127.628.674,"Mojo, Kecamatan Gubeng",+62 816-958-175,Jl. Kedung Tarukan Baru IV No.15,Jawa Timur,https://mamikos.com/room/kost-kota-surabaya-kost-putri-eksklusif-kost-griya-adis-2-gubeng-surabaya,800.000,P,"Spesifikasi tipe kamar

3 x 4 meter
Tidak Termasuk listrik

Fasilitas Kamar Tidur
1. Kasur
2. Meja
3. Kulkas
4. AC
5. Lemari / Storage

Fasilitas kamar mandi
1. Kloset Duduk
2. K. Mandi dalam
3. Wastafel
4. ember mandi",https://streetviewpixels-pa.googleapis.com/v1/thumbnail?panoid=kbDmSrunuazGIt58ZSTw_Q&cb_client=search.gws-prod.gps&w=408&h=240&yaw=78.71341&pitch=0&thumbfov=100
RAHAYU RUMAH KOS,https://www.google.com/maps/search/?api=1&query=RAHAYU%20RUMAH%20KOS&query_place_id=ChIJaQ6iFCr61y0RQ6WzqbT5XZ8,"Jl. Dharmahusada No.36-A, Mojo, Kec. Gubeng, Surabaya, Jawa Timur 60285, Indonesia",Surabaya,-72.666.235,1.127.674.355,"Mojo, Kecamatan Gubeng",+62 812-2431-5613,Jl. Dharmahusada No.36-A,Jawa Timur,http://web.facebook.com/100057502387053/posts/rahayu-rumah-kosjl-raya-dharmahusada-36-b-gerbang-kecil-antara-kepengen-susu-dan/560264171285744/?_rdc=1&_rdr#,700.000,C,"Fasilitas =
Lemari
Kasur
Sudah termasuk listrik
Sudah termasuk air
Tanpa bayar iuran sampah
Tanpa bayar iuran keamanan
Parkir motor ada (1 kamar 1 motor)
Aman 24 jam diawasi cctv
Bawa kunci pagar sendiri 
Tanpa jam malam
Ada jendela untuk setiap kamar jadi tidak lembap dan tidak pengap
Bangunan baru
WiFi unlimited 
Jalan raya
Bersih",https://streetviewpixels-pa.googleapis.com/v1/thumbnail?panoid=HvpKivB0SnweGqJH_8wVWg&cb_client=search.gws-prod.gps&w=408&h=240&yaw=181.45454&pitch=0&thumbfov=100
Kost Putri Bu Yus Kalidami,https://www.google.com/maps/search/?api=1&query=Kost%20Putri%20Bu%20Yus%20Kalidami&query_place_id=ChIJXWPh8kr71y0RwyZRnxNwOgk,"Jl. Kalidami VII No.4, Mojo, Kec. Gubeng, Surabaya, Jawa Timur 60285, Indonesia",Surabaya,-7.276.096,112.765.128,"Mojo, Kecamatan Gubeng",+62 812-1828-6228,Jl. Kalidami VII No.4,Jawa Timur,https://mamikos.com/room/kost-kota-surabaya-kost-putri-murah-kost-bu-yus-standar-gubeng-surabaya,750.000,P,"Spesifikasi tipe kamar

3 x 3 meter
Termasuk listrik

Fasilitas Kamar Tidur
1. Kasur
2. Meja
3. TV
4. Meja Rias
5. Lemari / Storage

Fasilitas kamar mandi
1. Kloset Duduk
2. Kloset Jongkok
3. K. Mandi Luar
4. Wastafel
5. Bak mandi

Fasilitias Umum
1. R. cuci
2. Kulkas
3. R.Jemur
4. R. Makan
5. Dapur",https://lh3.googleusercontent.com/gps-cs-s/APNQkAGIgcFXL0oKjfL3sSxDKjamA7myGsiERjCXLFcg766Upgtmht8-hX7JEJ5pP8kkNSS9arI-3fHTwl_WLWsfJxZ62CSC4M7-MqxnYFkX_83jeVhRYSU33AHb1OoatNSccg-sBox2=w408-h306-k-no
Kost Putri Bu Inna Oetami,Kost Putri Bu Inna Oetami,"Jl. Nginden Kota II No.24, Baratajaya, Kec. Gubeng, Surabaya, Jawa Timur 60284, Indonesia",Surabaya,-73.005.396,1.127.609.515,"Baratajaya, Kecamatan Gubeng",+62 812-3572-5570,Jl. Nginden Kota II No.24,Jawa Timur,https://www.cari-kos.id/kos/jawa-timur/kota-surabaya/kost-putri-bu-inna-oetami,600.000,P,"Jumlah Kamar: 21
Ukuran Kamar: 2.5×2.5
Luas Kamar: 6.25 m2
Fasilitas Kamar
1. Internet/ Wifi
2. Lemari Pakaian
3. Kasur
4. Tempat Jemuran
5. Kulkas
6. Sekamar Berdua",https://lh3.googleusercontent.com/gps-cs-s/APNQkAHKqtI-wSIwEmAJzPgtvJiWzL4F4gU5_0PSTAX5BigmXWTBcRyYKKoLHVlcQNe1aVnQF3LEgq58L89ZY8x_FD5CaCaMlT4Ph9910OOHCeknk6Bpjd9ggtiMNBrVxmocg2K-u5u5gB0dbpo=w408-h524-k-no
Kost Putri Albaik Barokah Cabang 2 - Kedung Sroko,https://www.google.com/maps/search/?api=1&query=Kost%20Putri%20Albaik%20Barokah%20Cabang%202%20-%20Kedung%20Sroko&query_place_id=ChIJBeFOfs_51y0RXtDDmShjt4A,"Jl. Kedung Sroko IV No.37, Pacar Kembang, Kec. Tambaksari, Surabaya, Jawa Timur 60132, Indonesia",Surabaya,-72.628.631,1.127.588.097,"Pacar Kembang, Kecamatan Tambaksari",,Jl. Kedung Sroko IV No.37,Jawa Timur,https://mamikos.com/room/kost-surabaya-kost-putri-eksklusif-kost-albaik-barokah-2-tambaksari-surabaya,1.500.000,P,"Nyaman belakang Kampus UNAIR (Universitas Airlangga) Kedokteran Gedung A

KAMAR MANDI DALAM dan ber-AC
Bangunan baru 2024
2 lantai

Cocok yang sedang cari kost dengan lingkungan bersih, nyaman dan aman.

Fasilitas :
- Dapur Umum
- Kulkas
- Lemari Baju & Laci Mini
- Free Wi-Fi
- CCTV (Kost-an Terekam, aman dari maling)

Nilai Tambah :
- Kost-nya pisah dengan rumah pemilik (pemilik tinggal dibangunan terpisah)
- Token Listrik per kamar
- BONUS Lemari Laci & Kasur",https://lh3.googleusercontent.com/gps-cs-s/APNQkAEm5r-4X3vWIuyCQ0H3JgeUrNE2DJRaMk9aKvAmdfP-kbUuMUbQWR25y4bKHRq3dNSVpQUg4SqMPj4Hgle2ho1foOQshAaOIQjS34IV_taUKGJdzOEi3wwLn83rMEvqmXDllDF9=w408-h544-k-no